sourabh,127.0.0.1,4vhPKlUOf1tDnPpPUOQZPoxWvvoxtlcj,2024-06-15 22:02:25.525540,login
sourabh,127.0.0.1,nIB7JoJXfjK8w2dMbPXggG8eW5d9UG2O,2024-06-15 22:04:39.327576,login
sourabh,127.0.0.1,wG0C4cQs7sdXiHMPJWanxyLpu4O5BFoE,2024-06-15 22:05:54.519581,login
sourabh,127.0.0.1,JJ1mmoZhlUGEm2yPTbN62PsiM1u6XCY9,2024-06-15 22:11:18.048539,login
sourabh,127.0.0.1,xSPN8916yAfpWIu7sthUe9GGxi8Io81U,2024-06-15 22:13:24.167011,login
sourabh,127.0.0.1,LF88TDwCcl0iogVPvM5TWdUBTNYjwpGR,2024-06-15 22:14:21.665272,login
sourabh,127.0.0.1,LF88TDwCcl0iogVPvM5TWdUBTNYjwpGR,2024-06-15 22:14:21.665272,logout,2024-06-15 22:17:20.151176
sourabh,127.0.0.1,bBSYitEpbC9LYoVFT6mEIsNJ3w6Si7Hg,2024-06-15 22:17:20.151052,login
sourabh,127.0.0.1,bBSYitEpbC9LYoVFT6mEIsNJ3w6Si7Hg,2024-06-15 22:17:20.151052,logout,2024-06-15 22:17:26.598040
sourabh,127.0.0.1,oQW9CPG3mL4uHCdyM7KFHzO7BqH7hr0j,2024-06-15 22:17:26.597806,login
sourabh,127.0.0.1,E0hQNS6Z6gaVVVpUPp6JHX3g4p0BB5Co,2024-06-15 22:18:27.820651,login
sourabh,127.0.0.1,E0hQNS6Z6gaVVVpUPp6JHX3g4p0BB5Co,2024-06-15 22:18:27.820651,logout,2024-06-15 22:18:38.795228
sourabh,127.0.0.1,NL6AOa4j0W8UiAa63vOAhhqyp6pj4imt,2024-06-15 22:18:38.795119,login
sourabh,127.0.0.1,jnroyMQyVkGGPNUz9LwWbCYun3uxeIKt,2024-06-15 22:23:32.565881,login
sourabh,127.0.0.1,cEXYWRA8aHvet422ZJAtKGHNGFNoKUZ4,2024-06-15 22:24:54.930873,login
